Full Name,Age,PetName,Email,Address,Phone
Carlos Ramirez,32,Levi,carlos.levi@gmail.com,Avenida Principal,+584123456789
Maria Gonzalez,45,Auria,maria.auria@gmail.com,Calle Secundaria,+584141234567
Fernanda Lopez,28,Ursola,fernanda.ursola@gmail.com,Urbanización Robles,+584167890123
Javier Perez,39,Beryle,javier.beryle@gmail.com,Barrio Horizonte,+584249876543
Sofia Martinez,25,Courtnay,sofia.courtnay@gmail.com,Residencial Vista Linda,+584125678901
Eduardo Sanchez,34,Sheffy,eduardo.sheffy@gmail.com,Callejón La Paz,+584265432178
Ana Herrera,51,Rae,ana.rae@gmail.com,Calle Principal,+584143217654
Diego Morales,29,Krysta,diego.krysta@gmail.com,Residencias Floresta,+584168765432
Luisa Alvarez,41,Husain,luisa.husain@gmail.com,Urbanización Bella Vista,+584246543789
Francisco Torres,47,Cicily,francisco.cicily@gmail.com,Calle Sur Este,+584128901234
Marta Diaz,30,Bennie,marta.bennie@gmail.com,Edificio La Cumbre,+584162345678
Ricardo Rojas,23,Perice,ricardo.perice@gmail.com,Callejón Centro,+584248765432
Camila Vargas,36,Jacky,camila.jacky@gmail.com,Avenida Libertador,+584129871234
Hector Gutierrez,44,Edan,hector.edan@gmail.com,Calle Bella Aurora,+584147890654
Lorena Peña,38,Kristel,lorena.kristel@gmail.com,Residencias Panorama,+584263457890
Alonso Soto,50,Odette,alonso.odette@gmail.com,Calle Acacias,+584148765432
Valeria Castro,60,Vida,valeria.vida@gmail.com,Barrio Alegre,+584125678901
Enrique Delgado,27,Irwin,enrique.irwin@gmail.com,Urbanización El Sol,+584245432178
Beatriz Suarez,55,Bale,beatriz.bale@gmail.com,Calle Nueva Era,+584163217654
Paola Ramirez,21,Kath,paola.kath@gmail.com,Residencial El Prado,+584142345678
